<?xml version="1.0" encoding="UTF-8"?>
<project-private xmlns="http://www.netbeans.org/ns/project-private/1">
    <editor-bookmarks xmlns="http://www.netbeans.org/ns/editor-bookmarks/2" lastBookmarkId="0"/>
    <open-files xmlns="http://www.netbeans.org/ns/projectui-open-files/2">
        <group>
            <file>file:/L:/crawler/app/presenters/SearchPresenter.php</file>
            <file>file:/L:/crawler/app/presenters/templates/@layout.latte</file>
            <file>file:/L:/crawler/app/presenters/templates/Search/default.latte</file>
            <file>file:/L:/crawler/app/config/config.neon</file>
            <file>file:/L:/crawler/app/presenters/BasePresenter.php</file>
            <file>file:/L:/crawler/app/classes/search/linkClass.php</file>
            <file>file:/L:/crawler/app/presenters/HomepagePresenter.php</file>
        </group>
    </open-files>
</project-private>
